Folder,File,Text
v3c1_02031,k_00001.jpg,
v3c1_02031,k_00002.jpg,
v3c1_02031,k_00003.jpg,
v3c1_02031,k_00004.jpg,
v3c1_02031,k_00005.jpg,
v3c1_02031,k_00006.jpg,
v3c1_02031,k_00007.jpg,
v3c1_02031,k_00008.jpg,
v3c1_02031,k_00009.jpg,
v3c1_02031,k_00010.jpg,"""857274"
v3c1_02031,k_00011.jpg,
v3c1_02031,k_00012.jpg,
v3c1_02031,k_00013.jpg,
v3c1_02031,k_00014.jpg,
v3c1_02247,k_00001.jpg,
v3c1_02247,k_00002.jpg,
v3c1_02247,k_00003.jpg,
v3c1_02247,k_00004.jpg,
v3c1_02247,k_00005.jpg,
v3c1_02247,k_00006.jpg,
v3c1_02247,k_00007.jpg,
v3c1_02247,k_00008.jpg,
v3c1_02247,k_00009.jpg,
v3c1_02247,k_00010.jpg,
v3c1_02247,k_00011.jpg,
v3c1_02247,k_00012.jpg,
v3c1_02247,k_00013.jpg,
v3c1_02247,k_00014.jpg,
v3c1_02247,k_00015.jpg,
v3c1_02247,k_00016.jpg,
v3c1_02247,k_00017.jpg,
v3c1_02247,k_00018.jpg,
v3c1_02247,k_00019.jpg,
v3c1_02247,k_00020.jpg,
v3c1_02247,k_00021.jpg,
v3c1_02247,k_00022.jpg,
v3c1_02247,k_00023.jpg,
v3c1_02247,k_00024.jpg,
v3c1_02247,k_00025.jpg,
v3c1_02247,k_00026.jpg,
v3c1_02247,k_00027.jpg,
v3c1_02247,k_00028.jpg,
v3c1_02247,k_00029.jpg,
v3c1_02247,k_00030.jpg,
v3c1_02247,k_00031.jpg,
v3c1_02247,k_00032.jpg,
v3c1_02247,k_00033.jpg,
v3c1_02247,k_00034.jpg,
v3c1_02247,k_00035.jpg,
v3c1_02247,k_00036.jpg,
v3c1_02247,k_00037.jpg,
v3c1_02247,k_00038.jpg,
v3c1_02247,k_00039.jpg,
v3c1_02247,k_00040.jpg,
v3c1_02247,k_00041.jpg,
v3c1_02247,k_00042.jpg,
v3c1_02247,k_00043.jpg,
v3c1_02247,k_00044.jpg,
v3c1_02247,k_00045.jpg,
v3c1_02247,k_00046.jpg,
v3c1_02247,k_00047.jpg,
v3c1_02247,k_00048.jpg,
v3c1_02247,k_00049.jpg,
v3c1_02247,k_00050.jpg,
v3c1_02247,k_00051.jpg,
v3c1_02247,k_00052.jpg,
v3c1_02247,k_00053.jpg,
v3c1_02247,k_00054.jpg,
v3c1_02247,k_00055.jpg,
v3c1_02247,k_00056.jpg,
v3c1_02247,k_00057.jpg,
v3c1_02247,k_00058.jpg,
v3c1_02247,k_00059.jpg,
v3c1_02247,k_00060.jpg,
v3c1_02247,k_00061.jpg,
v3c1_02247,k_00062.jpg,
v3c1_02247,k_00063.jpg,
v3c1_02247,k_00064.jpg,
v3c1_02247,k_00065.jpg,
v3c1_02247,k_00066.jpg,
v3c1_02247,k_00067.jpg,
v3c1_02247,k_00068.jpg,
v3c1_02247,k_00069.jpg,
v3c1_02247,k_00070.jpg,
v3c1_03608,k_00001.jpg,
v3c1_03608,k_00002.jpg,"BC, [Bxx Iripe, CueCTU, (pr"
v3c1_03608,k_00003.jpg,"efore-The Trdlpz, Roubion"
v3c1_03608,k_00004.jpg,"Tvip: `, Roubion, Boforo Tho"
v3c1_03608,k_00005.jpg,
v3c1_03608,k_00006.jpg,
v3c1_03608,k_00007.jpg,
v3c1_03608,k_00008.jpg,
v3c1_03608,k_00009.jpg,
v3c1_03608,k_00010.jpg,
v3c1_03608,k_00011.jpg,
v3c1_03608,k_00012.jpg,
v3c1_03608,k_00013.jpg,
v3c1_03608,k_00014.jpg,
v3c1_03608,k_00015.jpg,
v3c1_03608,k_00016.jpg,
v3c1_03608,k_00017.jpg,
v3c1_03608,k_00018.jpg,
v3c1_03608,k_00019.jpg,
v3c1_03608,k_00020.jpg,
v3c1_03608,k_00021.jpg,
v3c1_03608,k_00022.jpg,
v3c1_03608,k_00023.jpg,
v3c1_03608,k_00024.jpg,
v3c1_03608,k_00025.jpg,
v3c1_03608,k_00026.jpg,
v3c1_03608,k_00027.jpg,
v3c1_03608,k_00028.jpg,
v3c1_03608,k_00029.jpg,
v3c1_03608,k_00030.jpg,
v3c1_03608,k_00031.jpg,
v3c1_03608,k_00032.jpg,
v3c1_03608,k_00033.jpg,
v3c1_03608,k_00034.jpg,
v3c1_03608,k_00035.jpg,
v3c1_03608,k_00036.jpg,
v3c1_03608,k_00037.jpg,
v3c1_03608,k_00038.jpg,
v3c1_03608,k_00039.jpg,
v3c1_03608,k_00040.jpg,
v3c1_03608,k_00041.jpg,
v3c1_03608,k_00042.jpg,
v3c1_03608,k_00043.jpg,
v3c1_03608,k_00044.jpg,
v3c1_03608,k_00045.jpg,
v3c1_03608,k_00046.jpg,
v3c1_03608,k_00047.jpg,
v3c1_03608,k_00048.jpg,
v3c1_03608,k_00049.jpg,
v3c1_03608,k_00050.jpg,
v3c1_03608,k_00051.jpg,
v3c1_03608,k_00052.jpg,
v3c1_03608,k_00053.jpg,
v3c1_03608,k_00054.jpg,
v3c1_03608,k_00055.jpg,
v3c1_03608,k_00056.jpg,
v3c1_04398,k_00001.jpg,
v3c1_04398,k_00002.jpg,
v3c1_04398,k_00003.jpg,
v3c1_04398,k_00004.jpg,EaRLOS
v3c1_04398,k_00005.jpg,ARLOS
v3c1_04398,k_00006.jpg,ARRLOS
v3c1_04398,k_00007.jpg,PaRLOS
v3c1_04398,k_00008.jpg,PaRLOS
v3c1_04398,k_00009.jpg,ARLOS
v3c1_04398,k_00010.jpg,BaRLoS
v3c1_04398,k_00011.jpg,IRLOS
v3c1_04398,k_00012.jpg,BaRLOS
v3c1_04398,k_00013.jpg,PARLOS
v3c1_04398,k_00014.jpg,FARLOS
v3c1_04398,k_00015.jpg,
v3c1_04398,k_00016.jpg,EARLOS
v3c1_04398,k_00017.jpg,BaRLOS
v3c1_04398,k_00018.jpg,IRLOS
v3c1_04398,k_00019.jpg,EaRLOS
v3c1_04398,k_00020.jpg,ETRLOS
v3c1_04398,k_00021.jpg,URLOS
v3c1_04398,k_00022.jpg,GRLOS
v3c1_04398,k_00023.jpg,ARLOS
v3c1_04398,k_00024.jpg,eurLoS
v3c1_04398,k_00025.jpg,{RLOS
v3c1_04398,k_00026.jpg,EARLOS
v3c1_04398,k_00027.jpg,(EL2S
v3c1_04398,k_00028.jpg,"Gal, CITERPILLAR, boMag, chohol, ((, olel"
v3c1_04398,k_00029.jpg,FAROS
v3c1_04398,k_00030.jpg,"SRLOS, Ibarlos, boMAG"
v3c1_04398,k_00031.jpg,FEEECS
v3c1_04398,k_00032.jpg,ARLOS
v3c1_04398,k_00033.jpg,SRLOS
v3c1_04398,k_00034.jpg,ARLOS
v3c1_04398,k_00035.jpg,Tul
v3c1_04398,k_00036.jpg,ARLOS
v3c1_04398,k_00037.jpg,WRLOS
v3c1_05942,k_00001.jpg,
v3c1_05942,k_00002.jpg,
v3c1_05942,k_00003.jpg,
v3c1_05942,k_00004.jpg,
v3c1_05942,k_00005.jpg,
v3c1_05942,k_00006.jpg,
v3c1_05942,k_00007.jpg,IC
v3c1_05942,k_00008.jpg,
v3c1_05942,k_00009.jpg,
v3c1_05942,k_00010.jpg,
v3c1_05942,k_00011.jpg,
v3c1_05942,k_00012.jpg,
v3c1_05942,k_00013.jpg,
v3c1_05942,k_00014.jpg,
v3c1_05942,k_00015.jpg,
v3c1_05942,k_00016.jpg,
v3c1_05942,k_00017.jpg,
v3c1_05942,k_00018.jpg,
v3c1_05942,k_00019.jpg,
v3c1_05942,k_00020.jpg,
v3c1_05942,k_00021.jpg,
v3c1_05942,k_00022.jpg,
v3c1_05942,k_00023.jpg,
v3c1_05942,k_00024.jpg,
v3c1_05942,k_00025.jpg,
v3c1_05942,k_00026.jpg,
v3c1_05942,k_00027.jpg,
v3c1_05942,k_00028.jpg,
v3c1_05942,k_00029.jpg,
v3c1_05942,k_00030.jpg,
v3c1_05942,k_00031.jpg,
v3c1_05942,k_00032.jpg,
v3c1_05942,k_00033.jpg,
v3c1_05942,k_00034.jpg,
v3c1_05942,k_00035.jpg,
v3c1_05942,k_00036.jpg,
v3c1_05942,k_00037.jpg,
v3c1_05942,k_00038.jpg,
v3c1_05942,k_00039.jpg,
v3c1_05942,k_00040.jpg,
v3c2_07942,k_00001.jpg,
v3c2_07942,k_00002.jpg,
v3c2_07942,k_00003.jpg,
v3c2_07942,k_00004.jpg,
v3c2_07942,k_00005.jpg,
v3c2_07942,k_00006.jpg,
v3c2_07942,k_00007.jpg,
v3c2_07942,k_00008.jpg,
v3c2_07942,k_00009.jpg,
v3c2_07942,k_00010.jpg,
v3c2_07942,k_00011.jpg,
v3c2_07942,k_00012.jpg,
v3c2_08470,k_00001.jpg,
v3c2_08470,k_00002.jpg,
v3c2_08470,k_00003.jpg,
v3c2_08470,k_00004.jpg,
v3c2_08470,k_00005.jpg,
v3c2_08470,k_00006.jpg,
v3c2_08470,k_00007.jpg,
v3c2_08470,k_00008.jpg,
v3c2_08470,k_00009.jpg,
v3c2_08470,k_00010.jpg,
v3c2_08470,k_00011.jpg,
v3c2_08470,k_00012.jpg,
v3c2_08470,k_00013.jpg,
v3c2_08470,k_00014.jpg,
v3c2_08470,k_00015.jpg,"UNION ', 2aCIfic ^, 3603"
v3c2_08470,k_00016.jpg,
v3c2_08470,k_00017.jpg,
v3c2_08470,k_00018.jpg,
v3c2_08470,k_00019.jpg,
v3c2_09638,k_00001.jpg,
v3c2_09638,k_00002.jpg,Kleurslag: Vuil-Wit
v3c2_09638,k_00003.jpg,KleursllagpBruin
v3c2_09638,k_00004.jpg,Kleurslag3Bruip
v3c2_09638,k_00005.jpg,Kleursllag Bllauw
v3c2_09638,k_00006.jpg,Kleurslag: Wit
v3c2_09638,k_00007.jpg,Kleurslag: Wit
v3c2_09638,k_00008.jpg,KleurslagaZwart
v3c2_09638,k_00009.jpg,Kleurslag;Blauwgezoomd
v3c2_09638,k_00010.jpg,"locatie, Gevind, 0p, door:, 226"
v3c2_09809,k_00001.jpg,
v3c2_09809,k_00002.jpg,
v3c2_09809,k_00003.jpg,"Bubble, Q, 1 g zine gaf"
v3c2_09809,k_00004.jpg,
v3c2_09809,k_00005.jpg,
v3c2_09809,k_00006.jpg,
v3c2_09809,k_00007.jpg,
v3c2_09809,k_00008.jpg,
v3c2_09809,k_00009.jpg,
v3c2_09809,k_00010.jpg,
v3c2_09809,k_00011.jpg,
v3c2_09809,k_00012.jpg,
v3c2_09809,k_00013.jpg,
v3c2_09809,k_00014.jpg,
v3c2_09809,k_00015.jpg,
v3c2_09809,k_00016.jpg,
v3c2_09809,k_00017.jpg,
v3c2_09809,k_00018.jpg,
v3c2_09809,k_00019.jpg,
v3c2_09809,k_00020.jpg,
v3c2_09809,k_00021.jpg,
v3c2_09809,k_00022.jpg,
v3c2_09809,k_00023.jpg,
v3c2_09809,k_00024.jpg,
v3c2_09809,k_00025.jpg,
v3c2_09809,k_00026.jpg,
v3c2_09809,k_00027.jpg,
v3c2_09809,k_00028.jpg,
v3c2_09809,k_00029.jpg,
v3c2_09809,k_00030.jpg,
v3c2_09809,k_00031.jpg,
v3c2_09809,k_00032.jpg,
v3c2_09809,k_00033.jpg,
v3c2_09809,k_00034.jpg,
v3c2_09809,k_00035.jpg,
v3c2_09809,k_00036.jpg,
v3c2_09809,k_00037.jpg,
v3c2_09809,k_00038.jpg,
v3c2_09809,k_00039.jpg,
v3c2_09809,k_00040.jpg,
v3c2_09809,k_00041.jpg,
v3c2_09809,k_00042.jpg,
v3c2_09809,k_00043.jpg,
v3c2_09809,k_00044.jpg,
v3c2_09809,k_00045.jpg,
v3c2_09809,k_00046.jpg,
v3c2_09809,k_00047.jpg,
v3c2_09809,k_00048.jpg,
v3c2_09809,k_00049.jpg,
v3c2_09809,k_00050.jpg,
v3c2_09809,k_00051.jpg,
v3c2_09809,k_00052.jpg,
v3c2_09809,k_00053.jpg,
v3c2_09809,k_00054.jpg,
v3c2_09809,k_00055.jpg,
v3c2_09809,k_00056.jpg,
v3c2_09809,k_00057.jpg,
v3c2_09809,k_00058.jpg,
v3c2_09809,k_00059.jpg,
v3c2_09809,k_00060.jpg,
v3c2_09809,k_00061.jpg,
v3c2_09809,k_00062.jpg,
v3c2_09809,k_00063.jpg,
v3c2_09809,k_00064.jpg,
v3c2_09809,k_00065.jpg,
v3c2_09809,k_00066.jpg,
v3c2_09809,k_00067.jpg,
v3c2_09809,k_00068.jpg,
v3c2_09809,k_00069.jpg,
v3c2_09809,k_00070.jpg,
v3c2_09809,k_00071.jpg,
v3c2_09809,k_00072.jpg,
v3c2_09809,k_00073.jpg,
v3c2_09809,k_00074.jpg,
v3c2_09809,k_00075.jpg,
v3c2_09809,k_00076.jpg,
v3c2_09809,k_00077.jpg,
v3c2_09809,k_00078.jpg,
v3c2_09809,k_00079.jpg,
v3c2_09809,k_00080.jpg,
v3c2_09809,k_00081.jpg,
v3c2_09809,k_00082.jpg,
v3c2_09809,k_00083.jpg,
v3c2_09809,k_00084.jpg,
v3c2_09809,k_00085.jpg,
v3c2_09862,k_00001.jpg,
v3c2_09862,k_00002.jpg,
v3c2_09862,k_00003.jpg,
v3c2_09862,k_00004.jpg,
v3c2_09862,k_00005.jpg,
v3c2_09862,k_00006.jpg,
v3c2_09862,k_00007.jpg,
v3c2_09862,k_00008.jpg,
v3c2_09862,k_00009.jpg,
v3c2_09862,k_00010.jpg,
v3c2_09862,k_00011.jpg,
v3c2_09862,k_00012.jpg,
